rank,frobenius_error,relative_error_pct
2,18.74043875471061,49.23651421775103
3,18.003321290120816,47.29989496350303
4,17.37502179606167,45.6491717666156
5,16.797600727659468,44.13212080446202
6,16.24863915295855,42.68984110484897
7,15.72533587541473,41.31497312004763
