iteration,log_likelihood
1,-9018.599469814973
2,-8079.601426864153
3,-8081.637725834533
4,-8077.294796861929
5,-8071.41932084779
6,-8066.415735515478
7,-8063.791622127126
8,-8062.104065196836
9,-8059.804135549824
10,-8059.139357991234
11,-8057.982871390304
12,-8057.625108055603
13,-8057.4895471053715
14,-8057.429962733084
15,-8057.402308046434
16,-8057.390136758968
17,-8057.385933365578
18,-8057.385782038507
