feature,coefficient
age_group,0.3532239237138663
sex,0.017334747008894223
hiv_status,0.05125474946646879
urban_rural,2.261862294156439
art_coverage_pct,1.1904686973537555
case_notifications_log,0.3316872428351876
rainfall_mm,0.5728440988034826
mining_zone_flag,1.5439967221366742
malnutrition_index,-0.5610602412336222
bcg_coverage_pct,-1.3401766264145203
drug_consumption_ipt,-0.6240965576885523
treatment_success_rate,0.043057123199234715
